{"cameraMode":{"drawMode":0,"name":"Shaded","section":"Shading Mode"},"sceneLighting":true,"audioPlay":false,"sceneViewState":{"m_AlwaysRefresh":false,"showFog":true,"showSkybox":true,"showFlares":true,"showImageEffects":true,"showParticleSystems":true,"showVisualEffectGraphs":true,"m_FxEnabled":true},"in2DMode":false,"pivot":{"x":13.757769584655762,"y":9.696483612060547,"z":-7.750146865844727},"rotation":{"x":0.06145704165101051,"y":-0.012276928871870041,"z":0.0007573000038973987,"w":0.9980420470237732},"size":2.969855785369873,"orthographic":false}