{"cameraMode":{"drawMode":0,"name":"Shaded","section":"Shading Mode"},"sceneLighting":true,"audioPlay":false,"sceneViewState":{"m_AlwaysRefresh":false,"showFog":true,"showSkybox":true,"showFlares":true,"showImageEffects":true,"showParticleSystems":true,"showVisualEffectGraphs":true,"m_FxEnabled":true},"in2DMode":false,"pivot":{"x":-0.4592607021331787,"y":9.792680740356446,"z":-3.6044082641601564},"rotation":{"x":-0.12119829654693604,"y":-0.0074446978978812698,"z":-0.0009089384693652391,"w":0.9926033616065979},"size":24.519933700561525,"orthographic":false}